activate_vents_10.png,0.1
activate_vents_15.png,0.1
activate_vents_5.png,0.1
ball.png,0.1
beam_detector_nosmoke.png,0.1
beam_detector_smoke.png,0.1
Bova_1a.png,0.1
Bova_1b.png,0.1
Bova_4a.png,0.1
box.png,0.1
cascade_image.png,0.1
checkerboard_1000.png,0.1
cone_1mesh_a.png,0.1
cone_1mesh_b.png,0.1
cone.png,0.1
couch_120.png,0.1
couch_180.png,0.1
couch_600.png,0.1
couch_60.png,0.1
csmag_64_000.png,0.1
csmag_64_689.png,0.1
dancing_eddies_embed.png,0.1
dancing_eddies.png,0.1
dsmag_64_300.png,0.1
fan.png,0.1
forced_conv_flat_plate_u10_10cm_1000.png,0.1
geom_arch.png,0.1
geom_obst.png,0.1
geom_simple.png,0.1
geom_sphere1a.png,0.1
geom_sphere1b.png,0.1
geom_sphere1c.png,0.1
geom_sphere1d.png,0.1
geom_sphere1e.png,0.1
geom_sphere1f.png,0.1
geom_sphere3a.png,0.1
geom_sphere3b.png,0.1
geom_sphere3c.png,0.1
geom_sphere3d.png,0.1
geom_sphere3e.png,0.1
geom_sphere3f.png,0.1
geom_terrain.png,0.1
geom_texture2.png,0.1
geom_texture3a.png,0.1
geom_texture3b.png,0.1
geom_texture4a.png,0.1
geom_texture4b.png,0.1
geom_texture.png,0.1
heat_detector_0.png,0.1
heat_detector_1.png,0.1
heatdetector_act.png,0.1
heatdetector_inact.png,0.1
helium_2d_isothermal.png,0.1
ht3d_demo_100.png,0.1
ht3d_ibeam_3600.png,0.1
ht3d_network_28800.png,0.1
ht3d_sphere_51_165.png,0.1
HVAC_energy_pressure.png,0.1
HVAC_mass_conservation.png,0.1
jet_fan.png,0.1
leak_test_2_vector.png,0.1
level_set_fuel_model_1.png,0.1
move_slug_FL1_tf.png,0.1
move_slug_FL2_t0.png,0.1
move_slug_FL2_tf.png,0.1
move_slug_FL2_tm.png,0.1
nozzle_0.png,0.1
nozzle_1.png,0.1
ns2d_64_end.png,0.1
ns2d_64_start.png,0.1
obst_cone.png,0.1
obst_cylinder.png,0.1
obst_multi.png,0.1
obst_rotbox.png,0.1
obst_single.png,0.1
obst_sphere.png,0.1
pressure_boundary_left.png,0.1
pressure_boundary_right.png,0.1
propane_flame_deposition.png,0.1
pyramid.png,0.1
random_meshes.png,0.1
ribbed_channel_80_s1000.png,0.1
sensorplain.png,0.1
sensor.png,0.1
shunn3_256_density_p000.png,0.1
shunn3_256_density_p125.png,0.1
shunn3_256_density_p250.png,0.1
shunn3_256_density_p375.png,0.1
shunn3_256_scalar_p000.png,0.1
shunn3_256_scalar_p125.png,0.1
shunn3_256_scalar_p250.png,0.1
shunn3_256_scalar_p375.png,0.1
shunn3_256_uvelocity_p000.png,0.1
shunn3_256_uvelocity_p125.png,0.1
shunn3_256_uvelocity_p250.png,0.1
shunn3_256_uvelocity_p375.png,0.1
smoke_detector_0.png,0.1
smoke_detector_1.png,0.1
smokedetector_act.png,0.1
smokedetector_inact.png,0.1
soborot_charm_square_wave_tracer.png,0.06
soborot_charm_square_wave_vectors.png,0.1
sphere_helium_conserve_HeMassFraction.png,0.1
sphere_radiate.png,0.1
sprinkler_act.png,0.1
sprinkler_inact.png,0.1
sprinkler_pendent_0.png,0.1
sprinkler_pendent_1.png,0.1
sprinkler_upright_0.png,0.1
sprinkler_upright_1.png,0.1
symmetry_test_2.png,0.1
symmetry_test_mpi.png,0.1
symmetry_test.png,0.1
t34_scaling.png,0.1
target.png,0.1
tsphere.png,0.1
tube.png,0.1
velegg.png,0.1
velocity_bc_test.png,0.1
veltube.png,0.1
vent1.png,0.1
vent2.png,0.1
